{
  "classes": [
    "clean",
    "topic_crypto",
    "scam"
  ],
  "label_stats": {
    "scam": {
      "fpr": 0.019637462235649546,
      "precision": 0.9071428571428571,
      "recall": 0.654639175257732,
      "threshold": 0.7310686111450195
    },
    "topic_crypto": {
      "fpr": 1.0,
      "precision": 0.0,
      "recall": 0.0,
      "threshold": 1.0
    }
  },
  "thresholds": {
    "clean": 0.1,
    "scam": 0.7310686111450195,
    "topic_crypto": 1.0
  },
  "tune_target_fpr": 0.02,
  "tuned_at": "2026-02-11",
  "tuned_on": "data/valid.txt",
  "version": 2
}