{
  "engine": "onnx",
  "thresholds": {
    "scam": 0.56,
    "topic_crypto": 0.5900000000000001
  },
  "tune_target_scam_fpr": 0.02,
  "valid_metrics_at_threshold": {
    "macro": {
      "f1": 0.3991473026146837,
      "precision": 0.513753293041996,
      "recall": 0.4371741093939612
    },
    "metrics": {
      "clean": {
        "f1": 0.6153846153846153,
        "fnr": 0.33004926108374383,
        "fpr": 0.4577777777777778,
        "precision": 0.5690376569037657,
        "recall": 0.6699507389162561,
        "support": 203.0
      },
      "scam": {
        "f1": 0.09345794392523366,
        "fnr": 0.9489795918367347,
        "fpr": 0.012121212121212121,
        "precision": 0.5555555555555556,
        "recall": 0.05102040816326531,
        "support": 98.0
      },
      "topic_crypto": {
        "f1": 0.48859934853420195,
        "fnr": 0.4094488188976378,
        "fpr": 0.3488372093023256,
        "precision": 0.4166666666666667,
        "recall": 0.5905511811023622,
        "support": 127.0
      }
    },
    "micro": {
      "f1": 0.5046728971962616,
      "precision": 0.5046728971962616,
      "recall": 0.5046728971962616
    }
  },
  "version": 1
}